<?xml version="1.0" encoding="UTF-8" standalone="yes" ?>
<program>
  <header>
    <applicationBuildName></applicationBuildName>
    <applicationBuildNumber>0</applicationBuildNumber>
    <applicationBuildType>signedRelease</applicationBuildType>
    <applicationName>Pocket Code</applicationName>
    <applicationVersion>1.2.4</applicationVersion>
    <catrobatLanguageVersion>1.11</catrobatLanguageVersion>
    <dateTimeUpload></dateTimeUpload>
    <description></description>
    <deviceName>ZTE Blade A51RU</deviceName>
    <isCastProject>false</isCastProject>
    <landscapeMode>true</landscapeMode>
    <listeningLanguageTag></listeningLanguageTag>
    <mediaLicense></mediaLicense>
    <notesAndCredits></notesAndCredits>
    <platform>Android</platform>
    <platformVersion>30</platformVersion>
    <programLicense></programLicense>
    <programName>the car</programName>
    <remixOf></remixOf>
    <scenesEnabled>true</scenesEnabled>
    <screenHeight>720</screenHeight>
    <screenMode>STRETCH</screenMode>
    <screenWidth>1460</screenWidth>
    <tags></tags>
    <url></url>
    <userHandle></userHandle>
  </header>
  <settings/>
  <scenes>
    <scene>
      <name>Scene</name>
      <objectList>
        <object type="Sprite" name="Background">
          <lookList/>
          <soundList/>
          <scriptList>
            <script type="StartScript" posX="0.0" posY="0.0">
              <brickList>
                <brick type="SetVariableBrick">
                  <brickId>94c6d98b-16d5-45ac-90be-b5c6349bf155</brickId>
                  <commentedOut>false</commentedOut>
                  <formulaList>
                    <formula category="VARIABLE">
                      <additionalChildren/>
                      <type>NUMBER</type>
                      <value>1.0</value>
                    </formula>
                  </formulaList>
                  <userVariable type="UserVariable" serialization="custom">
                    <userVariable>
                      <default>
                        <initialIndex>1</initialIndex>
                        <deviceValueKey>989410b9-1e83-4db4-b04a-93cb9c7ee80d</deviceValueKey>
                        <name>sound gudok</name>
                      </default>
                    </userVariable>
                  </userVariable>
                </brick>
                <brick type="FlashBrick">
                  <brickId>7fea314d-f7c7-4511-88cf-292a76f057bf</brickId>
                  <commentedOut>false</commentedOut>
                  <spinnerSelectionID>0</spinnerSelectionID>
                </brick>
                <brick type="SetVariableBrick">
                  <brickId>fdc30f0e-c9b2-46d0-bebb-a388488b1fb2</brickId>
                  <commentedOut>false</commentedOut>
                  <formulaList>
                    <formula category="VARIABLE">
                      <additionalChildren/>
                      <type>NUMBER</type>
                      <value>0</value>
                    </formula>
                  </formulaList>
                  <userVariable type="UserVariable" serialization="custom">
                    <userVariable>
                      <default>
                        <initialIndex>0</initialIndex>
                        <deviceValueKey>4b9b8514-87ad-410d-aea3-8c55fdc91aaa</deviceValueKey>
                        <name>is flash on</name>
                      </default>
                    </userVariable>
                  </userVariable>
                </brick>
              </brickList>
              <commentedOut>false</commentedOut>
              <scriptId>3ef85e49-4b13-465b-bf9e-ac66499523b7</scriptId>
            </script>
          </scriptList>
          <nfcTagList/>
          <userVariables/>
          <userLists/>
          <userDefinedBrickList/>
        </object>
        <object type="Sprite" name="flashlight">
          <lookList>
            <look fileName="i (1).jpeg" name="flashlight">
              <isWebRequest>false</isWebRequest>
              <valid>true</valid>
            </look>
            <look fileName="InShot_20240411_192740669.jpg" name="InShot_20240411_192740669">
              <isWebRequest>false</isWebRequest>
              <valid>true</valid>
            </look>
          </lookList>
          <soundList/>
          <scriptList>
            <script type="StartScript" posX="0.0" posY="0.0">
              <brickList>
                <brick type="PlaceAtBrick">
                  <brickId>f5c16a8e-1134-463c-9999-729581f67b89</brickId>
                  <commentedOut>false</commentedOut>
                  <formulaList>
                    <formula category="Y_POSITION">
                      <additionalChildren/>
                      <type>NUMBER</type>
                      <value>222</value>
                    </formula>
                    <formula category="X_POSITION">
                      <additionalChildren/>
                      <rightChild>
                        <additionalChildren/>
                        <type>NUMBER</type>
                        <value>574</value>
                      </rightChild>
                      <type>OPERATOR</type>
                      <value>MINUS</value>
                    </formula>
                  </formulaList>
                </brick>
              </brickList>
              <commentedOut>false</commentedOut>
              <scriptId>76e415b8-d26c-416d-8242-5d35e224c694</scriptId>
            </script>
            <script type="WhenScript" posX="0.0" posY="0.0">
              <brickList>
                <brick type="NextLookBrick">
                  <brickId>246b7f73-702f-4936-a88d-ee35cc538343</brickId>
                  <commentedOut>false</commentedOut>
                </brick>
                <brick type="IfLogicBeginBrick">
                  <brickId>aac85295-acdb-49b0-87af-e61d5d3b5b17</brickId>
                  <commentedOut>false</commentedOut>
                  <formulaList>
                    <formula category="IF_CONDITION">
                      <additionalChildren/>
                      <leftChild>
                        <additionalChildren/>
                        <type>USER_VARIABLE</type>
                        <value>is flash on</value>
                      </leftChild>
                      <rightChild>
                        <additionalChildren/>
                        <type>NUMBER</type>
                        <value>0</value>
                      </rightChild>
                      <type>OPERATOR</type>
                      <value>EQUAL</value>
                    </formula>
                  </formulaList>
                  <elseBranchBricks>
                    <brick type="SetSizeToBrick">
                      <brickId>a3d622a6-7f6f-449e-a167-3988aacf8eb3</brickId>
                      <commentedOut>false</commentedOut>
                      <formulaList>
                        <formula category="SIZE">
                          <additionalChildren/>
                          <type>NUMBER</type>
                          <value>100</value>
                        </formula>
                      </formulaList>
                    </brick>
                    <brick type="SetVariableBrick">
                      <brickId>b456afa7-9193-4746-9aa9-cfc290bc7eb7</brickId>
                      <commentedOut>false</commentedOut>
                      <formulaList>
                        <formula category="VARIABLE">
                          <additionalChildren/>
                          <type>NUMBER</type>
                          <value>0</value>
                        </formula>
                      </formulaList>
                      <userVariable reference="../../../../../../../../object/scriptList/script/brickList/brick[3]/userVariable"/>
                    </brick>
                    <brick type="FlashBrick">
                      <brickId>0d1d8b71-51e4-4f12-a721-4b2ce902e176</brickId>
                      <commentedOut>false</commentedOut>
                      <spinnerSelectionID>0</spinnerSelectionID>
                    </brick>
                  </elseBranchBricks>
                  <ifBranchBricks>
                    <brick type="SetSizeToBrick">
                      <brickId>4f7e4840-ba78-4fb8-867d-1d6734d452ad</brickId>
                      <commentedOut>false</commentedOut>
                      <formulaList>
                        <formula category="SIZE">
                          <additionalChildren/>
                          <type>NUMBER</type>
                          <value>30</value>
                        </formula>
                      </formulaList>
                    </brick>
                    <brick type="SetVariableBrick">
                      <brickId>ecc6a4ad-4d1c-4eb0-8abb-742caa2db00e</brickId>
                      <commentedOut>false</commentedOut>
                      <formulaList>
                        <formula category="VARIABLE">
                          <additionalChildren/>
                          <type>NUMBER</type>
                          <value>1.0</value>
                        </formula>
                      </formulaList>
                      <userVariable reference="../../../../../../../../object/scriptList/script/brickList/brick[3]/userVariable"/>
                    </brick>
                    <brick type="FlashBrick">
                      <brickId>82b8e6c0-8392-4883-9d71-453e427cf8dc</brickId>
                      <commentedOut>false</commentedOut>
                      <spinnerSelectionID>1</spinnerSelectionID>
                    </brick>
                  </ifBranchBricks>
                </brick>
              </brickList>
              <commentedOut>false</commentedOut>
              <scriptId>d3fa66b6-c815-416e-9c94-fe8a3403f076</scriptId>
            </script>
          </scriptList>
          <nfcTagList/>
          <userVariables/>
          <userLists/>
          <userDefinedBrickList/>
        </object>
        <object type="Sprite" name="sound">
          <lookList>
            <look fileName="i (2).jpeg" name="sound">
              <isWebRequest>false</isWebRequest>
              <valid>true</valid>
            </look>
          </lookList>
          <soundList>
            <sound fileName="00210.mp3" name="00210">
              <midiFile>false</midiFile>
            </sound>
            <sound fileName="04267.mp3" name="04267">
              <midiFile>false</midiFile>
            </sound>
            <sound fileName="04269.mp3" name="04269">
              <midiFile>false</midiFile>
            </sound>
            <sound fileName="04271.mp3" name="04271">
              <midiFile>false</midiFile>
            </sound>
          </soundList>
          <scriptList>
            <script type="StartScript" posX="0.0" posY="0.0">
              <brickList>
                <brick type="SetSizeToBrick">
                  <brickId>29673d9d-11f3-4271-8069-3cbc6f88dcaf</brickId>
                  <commentedOut>false</commentedOut>
                  <formulaList>
                    <formula category="SIZE">
                      <additionalChildren/>
                      <type>NUMBER</type>
                      <value>60.0</value>
                    </formula>
                  </formulaList>
                </brick>
                <brick type="PlaceAtBrick">
                  <brickId>f35bc492-d428-423e-a06c-e4c6311b4f52</brickId>
                  <commentedOut>false</commentedOut>
                  <formulaList>
                    <formula category="Y_POSITION">
                      <additionalChildren/>
                      <type>NUMBER</type>
                      <value>252</value>
                    </formula>
                    <formula category="X_POSITION">
                      <additionalChildren/>
                      <rightChild>
                        <additionalChildren/>
                        <type>NUMBER</type>
                        <value>243</value>
                      </rightChild>
                      <type>OPERATOR</type>
                      <value>MINUS</value>
                    </formula>
                  </formulaList>
                </brick>
              </brickList>
              <commentedOut>false</commentedOut>
              <scriptId>13f4c353-e0ad-4bbf-83ca-28418c83eb8d</scriptId>
            </script>
            <script type="WhenScript" posX="0.0" posY="0.0">
              <brickList>
                <brick type="IfLogicBeginBrick">
                  <brickId>da3218d1-7a19-4cd7-87c9-fbfcd2a171b1</brickId>
                  <commentedOut>false</commentedOut>
                  <formulaList>
                    <formula category="IF_CONDITION">
                      <additionalChildren/>
                      <leftChild>
                        <additionalChildren/>
                        <type>USER_VARIABLE</type>
                        <value>sound gudok</value>
                      </leftChild>
                      <rightChild>
                        <additionalChildren/>
                        <type>NUMBER</type>
                        <value>1</value>
                      </rightChild>
                      <type>OPERATOR</type>
                      <value>EQUAL</value>
                    </formula>
                  </formulaList>
                  <elseBranchBricks>
                    <brick type="IfLogicBeginBrick">
                      <brickId>e4bdda56-5838-41d7-a8e7-3b789aab4e7f</brickId>
                      <commentedOut>false</commentedOut>
                      <formulaList>
                        <formula category="IF_CONDITION">
                          <additionalChildren/>
                          <leftChild>
                            <additionalChildren/>
                            <type>USER_VARIABLE</type>
                            <value>sound gudok</value>
                          </leftChild>
                          <rightChild>
                            <additionalChildren/>
                            <type>NUMBER</type>
                            <value>2</value>
                          </rightChild>
                          <type>OPERATOR</type>
                          <value>EQUAL</value>
                        </formula>
                      </formulaList>
                      <elseBranchBricks>
                        <brick type="IfLogicBeginBrick">
                          <brickId>838be8d1-5e8c-4d46-98d7-e9f6e3df7b13</brickId>
                          <commentedOut>false</commentedOut>
                          <formulaList>
                            <formula category="IF_CONDITION">
                              <additionalChildren/>
                              <leftChild>
                                <additionalChildren/>
                                <type>USER_VARIABLE</type>
                                <value>sound gudok</value>
                              </leftChild>
                              <rightChild>
                                <additionalChildren/>
                                <type>NUMBER</type>
                                <value>3</value>
                              </rightChild>
                              <type>OPERATOR</type>
                              <value>EQUAL</value>
                            </formula>
                          </formulaList>
                          <elseBranchBricks>
                            <brick type="IfThenLogicBeginBrick">
                              <brickId>b6655103-0d26-44b3-a2f4-d3d7073dc7c9</brickId>
                              <commentedOut>false</commentedOut>
                              <formulaList>
                                <formula category="IF_CONDITION">
                                  <additionalChildren/>
                                  <leftChild>
                                    <additionalChildren/>
                                    <type>USER_VARIABLE</type>
                                    <value>sound gudok</value>
                                  </leftChild>
                                  <rightChild>
                                    <additionalChildren/>
                                    <type>NUMBER</type>
                                    <value>4</value>
                                  </rightChild>
                                  <type>OPERATOR</type>
                                  <value>EQUAL</value>
                                </formula>
                              </formulaList>
                              <ifBranchBricks>
                                <brick type="PlaySoundBrick">
                                  <brickId>74f3bdd9-bb84-41a7-8c57-3e31bc77bf6b</brickId>
                                  <commentedOut>false</commentedOut>
                                  <sound reference="../../../../../../../../../../../../../soundList/sound[4]"/>
                                </brick>
                                <brick type="WaitBrick">
                                  <brickId>0cc6bba2-112d-4eb2-bf3b-6039644443e6</brickId>
                                  <commentedOut>false</commentedOut>
                                  <formulaList>
                                    <formula category="TIME_TO_WAIT_IN_SECONDS">
                                      <additionalChildren/>
                                      <type>NUMBER</type>
                                      <value>0.5</value>
                                    </formula>
                                  </formulaList>
                                </brick>
                                <brick type="StopSoundBrick">
                                  <brickId>a6eebe1d-4d28-445b-b7be-32da31119c12</brickId>
                                  <commentedOut>false</commentedOut>
                                  <sound reference="../../../../../../../../../../../../../soundList/sound[4]"/>
                                </brick>
                              </ifBranchBricks>
                            </brick>
                          </elseBranchBricks>
                          <ifBranchBricks>
                            <brick type="PlaySoundBrick">
                              <brickId>95ddf3ba-c080-45d1-9a03-1449f1e817be</brickId>
                              <commentedOut>false</commentedOut>
                              <sound reference="../../../../../../../../../../../soundList/sound[3]"/>
                            </brick>
                            <brick type="WaitBrick">
                              <brickId>c5797a0e-9235-4412-a589-76c16c175a7b</brickId>
                              <commentedOut>false</commentedOut>
                              <formulaList>
                                <formula category="TIME_TO_WAIT_IN_SECONDS">
                                  <additionalChildren/>
                                  <type>NUMBER</type>
                                  <value>0.5</value>
                                </formula>
                              </formulaList>
                            </brick>
                            <brick type="StopSoundBrick">
                              <brickId>5f45f2df-18f8-4d16-9885-50690339d1a8</brickId>
                              <commentedOut>false</commentedOut>
                              <sound reference="../../../../../../../../../../../soundList/sound[3]"/>
                            </brick>
                          </ifBranchBricks>
                        </brick>
                      </elseBranchBricks>
                      <ifBranchBricks>
                        <brick type="PlaySoundBrick">
                          <brickId>3c00f2e0-831d-40c7-8d98-f8c00034fb9e</brickId>
                          <commentedOut>false</commentedOut>
                          <sound reference="../../../../../../../../../soundList/sound[2]"/>
                        </brick>
                        <brick type="WaitBrick">
                          <brickId>678c4227-bb49-4a42-a8a7-b0c7d505e410</brickId>
                          <commentedOut>false</commentedOut>
                          <formulaList>
                            <formula category="TIME_TO_WAIT_IN_SECONDS">
                              <additionalChildren/>
                              <type>NUMBER</type>
                              <value>0.5</value>
                            </formula>
                          </formulaList>
                        </brick>
                        <brick type="StopSoundBrick">
                          <brickId>8b32b4e9-d04b-4825-8ae8-27c08c4101ee</brickId>
                          <commentedOut>false</commentedOut>
                          <sound reference="../../../../../../../../../soundList/sound[2]"/>
                        </brick>
                      </ifBranchBricks>
                    </brick>
                  </elseBranchBricks>
                  <ifBranchBricks>
                    <brick type="PlaySoundBrick">
                      <brickId>857b591c-38fb-46ee-8b62-c448e9f4e3d3</brickId>
                      <commentedOut>false</commentedOut>
                      <sound reference="../../../../../../../soundList/sound"/>
                    </brick>
                    <brick type="WaitBrick">
                      <brickId>df677369-3a6e-48db-86ed-781281c56eea</brickId>
                      <commentedOut>false</commentedOut>
                      <formulaList>
                        <formula category="TIME_TO_WAIT_IN_SECONDS">
                          <additionalChildren/>
                          <type>NUMBER</type>
                          <value>0.5</value>
                        </formula>
                      </formulaList>
                    </brick>
                    <brick type="StopSoundBrick">
                      <brickId>cfba59b5-ec04-4778-97b2-dd5166c28679</brickId>
                      <commentedOut>false</commentedOut>
                      <sound reference="../../../../../../../soundList/sound"/>
                    </brick>
                  </ifBranchBricks>
                </brick>
              </brickList>
              <commentedOut>false</commentedOut>
              <scriptId>638267c4-9370-47f3-b42d-2f3a26b6eb29</scriptId>
            </script>
          </scriptList>
          <nfcTagList/>
          <userVariables/>
          <userLists/>
          <userDefinedBrickList/>
        </object>
        <object type="Sprite" name="change sound">
          <lookList>
            <look fileName="My actor or object.png" name="change sound">
              <isWebRequest>false</isWebRequest>
              <valid>true</valid>
            </look>
          </lookList>
          <soundList/>
          <scriptList>
            <script type="StartScript" posX="0.0" posY="0.0">
              <brickList>
                <brick type="SetSizeToBrick">
                  <brickId>2fbc6af4-9f2c-4416-af70-1bc22ebd3ca7</brickId>
                  <commentedOut>false</commentedOut>
                  <formulaList>
                    <formula category="SIZE">
                      <additionalChildren/>
                      <type>NUMBER</type>
                      <value>60.0</value>
                    </formula>
                  </formulaList>
                </brick>
                <brick type="PlaceAtBrick">
                  <brickId>32e71a4c-2e63-49d2-898d-3c537f98ea60</brickId>
                  <commentedOut>false</commentedOut>
                  <formulaList>
                    <formula category="Y_POSITION">
                      <additionalChildren/>
                      <type>NUMBER</type>
                      <value>92</value>
                    </formula>
                    <formula category="X_POSITION">
                      <additionalChildren/>
                      <rightChild>
                        <additionalChildren/>
                        <type>NUMBER</type>
                        <value>253</value>
                      </rightChild>
                      <type>OPERATOR</type>
                      <value>MINUS</value>
                    </formula>
                  </formulaList>
                </brick>
              </brickList>
              <commentedOut>false</commentedOut>
              <scriptId>38f02d91-af2f-49ba-87fc-4cb22a9b4fb8</scriptId>
            </script>
            <script type="WhenScript" posX="0.0" posY="0.0">
              <brickList>
                <brick type="IfLogicBeginBrick">
                  <brickId>f495f317-9a91-4d3b-8ce4-ee988dfc4466</brickId>
                  <commentedOut>false</commentedOut>
                  <formulaList>
                    <formula category="IF_CONDITION">
                      <additionalChildren/>
                      <leftChild>
                        <additionalChildren/>
                        <type>USER_VARIABLE</type>
                        <value>sound gudok</value>
                      </leftChild>
                      <rightChild>
                        <additionalChildren/>
                        <type>NUMBER</type>
                        <value>4</value>
                      </rightChild>
                      <type>OPERATOR</type>
                      <value>GREATER_OR_EQUAL</value>
                    </formula>
                  </formulaList>
                  <elseBranchBricks>
                    <brick type="ChangeVariableBrick">
                      <brickId>7680161a-59b5-40a9-b2df-72ce8844ee14</brickId>
                      <commentedOut>false</commentedOut>
                      <formulaList>
                        <formula category="VARIABLE_CHANGE">
                          <additionalChildren/>
                          <type>NUMBER</type>
                          <value>1.0</value>
                        </formula>
                      </formulaList>
                      <userVariable reference="../../../../../../../../object/scriptList/script/brickList/brick/userVariable"/>
                    </brick>
                  </elseBranchBricks>
                  <ifBranchBricks>
                    <brick type="SetVariableBrick">
                      <brickId>c2b3a736-b567-4d93-aca9-70505b3ca4d4</brickId>
                      <commentedOut>false</commentedOut>
                      <formulaList>
                        <formula category="VARIABLE">
                          <additionalChildren/>
                          <type>NUMBER</type>
                          <value>1.0</value>
                        </formula>
                      </formulaList>
                      <userVariable reference="../../../../../../../../object/scriptList/script/brickList/brick/userVariable"/>
                    </brick>
                  </ifBranchBricks>
                </brick>
              </brickList>
              <commentedOut>false</commentedOut>
              <scriptId>71fd78c8-7c26-4358-939e-2c63fe5892bc</scriptId>
            </script>
          </scriptList>
          <nfcTagList/>
          <userVariables/>
          <userLists/>
          <userDefinedBrickList/>
        </object>
        <object type="Sprite" name="changer of velocity">
          <lookList>
            <look fileName="My actor or object_#0.png" name="changer of velocity">
              <isWebRequest>false</isWebRequest>
              <valid>true</valid>
            </look>
          </lookList>
          <soundList>
            <sound fileName="81d38fa84d860a1.mp3" name="81d38fa84d860a1">
              <midiFile>false</midiFile>
            </sound>
          </soundList>
          <scriptList>
            <script type="StartScript" posX="0.0" posY="0.0">
              <brickList>
                <brick type="SetSizeToBrick">
                  <brickId>3cf42b47-e25c-4885-b3d9-dc3fa0bcefad</brickId>
                  <commentedOut>false</commentedOut>
                  <formulaList>
                    <formula category="SIZE">
                      <additionalChildren/>
                      <type>NUMBER</type>
                      <value>20</value>
                    </formula>
                  </formulaList>
                </brick>
                <brick type="PlaceAtBrick">
                  <brickId>c2ff1199-138a-49d5-b91a-4817a357d0b3</brickId>
                  <commentedOut>false</commentedOut>
                  <formulaList>
                    <formula category="Y_POSITION">
                      <additionalChildren/>
                      <rightChild>
                        <additionalChildren/>
                        <type>NUMBER</type>
                        <value>80</value>
                      </rightChild>
                      <type>OPERATOR</type>
                      <value>MINUS</value>
                    </formula>
                    <formula category="X_POSITION">
                      <additionalChildren/>
                      <rightChild>
                        <additionalChildren/>
                        <type>NUMBER</type>
                        <value>652</value>
                      </rightChild>
                      <type>OPERATOR</type>
                      <value>MINUS</value>
                    </formula>
                  </formulaList>
                </brick>
              </brickList>
              <commentedOut>false</commentedOut>
              <scriptId>9dfeb244-8ee1-4172-86d5-10102620f775</scriptId>
            </script>
            <script type="WhenScript" posX="0.0" posY="0.0">
              <brickList>
                <brick type="PlaySoundBrick">
                  <brickId>5f961049-1b5e-46e1-8f23-890c74278d86</brickId>
                  <commentedOut>false</commentedOut>
                  <sound reference="../../../../../soundList/sound"/>
                </brick>
                <brick type="WaitBrick">
                  <brickId>1d0b55b4-879c-492f-98a4-16b1fe7ef319</brickId>
                  <commentedOut>false</commentedOut>
                  <formulaList>
                    <formula category="TIME_TO_WAIT_IN_SECONDS">
                      <additionalChildren/>
                      <type>NUMBER</type>
                      <value>5</value>
                    </formula>
                  </formulaList>
                </brick>
                <brick type="StopSoundBrick">
                  <brickId>dfdf3a9b-8317-4d7a-a78d-6b48e92f2c19</brickId>
                  <commentedOut>false</commentedOut>
                  <sound reference="../../../../../soundList/sound"/>
                </brick>
              </brickList>
              <commentedOut>false</commentedOut>
              <scriptId>49c9529d-c99e-4f29-8ade-a8d10cad9e00</scriptId>
            </script>
            <script type="WhenScript" posX="0.0" posY="0.0">
              <brickList>
                <brick type="RepeatBrick">
                  <brickId>c4e411e4-f5cc-4057-8039-fd3dcdfa6f03</brickId>
                  <commentedOut>false</commentedOut>
                  <formulaList>
                    <formula category="TIMES_TO_REPEAT">
                      <additionalChildren/>
                      <type>NUMBER</type>
                      <value>15</value>
                    </formula>
                  </formulaList>
                  <loopBricks>
                    <brick type="FlashBrick">
                      <brickId>15ce261b-1f1d-4664-b265-d340f260ac60</brickId>
                      <commentedOut>false</commentedOut>
                      <spinnerSelectionID>1</spinnerSelectionID>
                    </brick>
                    <brick type="WaitBrick">
                      <brickId>fb30cece-bc14-479d-ae85-96700c5d24ff</brickId>
                      <commentedOut>false</commentedOut>
                      <formulaList>
                        <formula category="TIME_TO_WAIT_IN_SECONDS">
                          <additionalChildren/>
                          <type>NUMBER</type>
                          <value>0.3</value>
                        </formula>
                      </formulaList>
                    </brick>
                    <brick type="FlashBrick">
                      <brickId>1585a4b6-f439-4450-96ea-272c09217c12</brickId>
                      <commentedOut>false</commentedOut>
                      <spinnerSelectionID>0</spinnerSelectionID>
                    </brick>
                  </loopBricks>
                </brick>
                <brick type="IfThenLogicBeginBrick">
                  <brickId>43216ad6-bf52-4ed5-b6d9-9c893a42b7d5</brickId>
                  <commentedOut>false</commentedOut>
                  <formulaList>
                    <formula category="IF_CONDITION">
                      <additionalChildren/>
                      <leftChild>
                        <additionalChildren/>
                        <type>USER_VARIABLE</type>
                        <value>is flash on</value>
                      </leftChild>
                      <rightChild>
                        <additionalChildren/>
                        <type>NUMBER</type>
                        <value>1</value>
                      </rightChild>
                      <type>OPERATOR</type>
                      <value>EQUAL</value>
                    </formula>
                  </formulaList>
                  <ifBranchBricks>
                    <brick type="FlashBrick">
                      <brickId>acee094f-781d-41b3-807a-bc7d31b0c232</brickId>
                      <commentedOut>false</commentedOut>
                      <spinnerSelectionID>1</spinnerSelectionID>
                    </brick>
                  </ifBranchBricks>
                </brick>
              </brickList>
              <commentedOut>false</commentedOut>
              <scriptId>cc5c103d-d0e2-47c3-95db-69153d8bcf25</scriptId>
            </script>
          </scriptList>
          <nfcTagList/>
          <userVariables/>
          <userLists/>
          <userDefinedBrickList/>
        </object>
        <object type="Sprite" name="sounds">
          <lookList>
            <look fileName="My actor or object_#1.png" name="sounds">
              <isWebRequest>false</isWebRequest>
              <valid>true</valid>
            </look>
          </lookList>
          <soundList/>
          <scriptList>
            <script type="StartScript" posX="0.0" posY="0.0">
              <brickList>
                <brick type="SetSizeToBrick">
                  <brickId>60d75288-4ee8-44e7-9b14-5f661c308bf1</brickId>
                  <commentedOut>false</commentedOut>
                  <formulaList>
                    <formula category="SIZE">
                      <additionalChildren/>
                      <type>NUMBER</type>
                      <value>50</value>
                    </formula>
                  </formulaList>
                </brick>
                <brick type="PlaceAtBrick">
                  <brickId>e791dd41-1cf7-42a3-a0ad-72f3ce3a25c1</brickId>
                  <commentedOut>false</commentedOut>
                  <formulaList>
                    <formula category="Y_POSITION">
                      <additionalChildren/>
                      <type>NUMBER</type>
                      <value>296</value>
                    </formula>
                    <formula category="X_POSITION">
                      <additionalChildren/>
                      <type>NUMBER</type>
                      <value>664</value>
                    </formula>
                  </formulaList>
                </brick>
              </brickList>
              <commentedOut>false</commentedOut>
              <scriptId>b0bd12e7-f5b6-4f5a-b45f-2097513ae0b4</scriptId>
            </script>
            <script type="WhenScript" posX="0.0" posY="0.0">
              <brickList>
                <brick type="SceneStartBrick">
                  <brickId>442cb118-18cc-4f44-bc05-7a6efac2db63</brickId>
                  <commentedOut>false</commentedOut>
                  <sceneToStart>Scene (1)</sceneToStart>
                </brick>
              </brickList>
              <commentedOut>false</commentedOut>
              <scriptId>0f5c7ae5-e76f-4d91-9521-4a9ab6ce0441</scriptId>
            </script>
          </scriptList>
          <nfcTagList/>
          <userVariables/>
          <userLists/>
          <userDefinedBrickList/>
        </object>
        <object type="Sprite" name="motor">
          <lookList>
            <look fileName="i (3).jpeg" name="motor">
              <isWebRequest>false</isWebRequest>
              <valid>true</valid>
            </look>
          </lookList>
          <soundList>
            <sound fileName="zvuk-uezzhayuschey-mashiny-zvuk-motora.mp3" name="zvuk-uezzhayuschey-mashiny-zvuk-motora">
              <midiFile>false</midiFile>
            </sound>
          </soundList>
          <scriptList>
            <script type="StartScript" posX="0.0" posY="0.0">
              <brickList>
                <brick type="SetSizeToBrick">
                  <brickId>0180e61f-9a32-4e6a-9568-d9e8174f637a</brickId>
                  <commentedOut>false</commentedOut>
                  <formulaList>
                    <formula category="SIZE">
                      <additionalChildren/>
                      <type>NUMBER</type>
                      <value>25</value>
                    </formula>
                  </formulaList>
                </brick>
                <brick type="PlaceAtBrick">
                  <brickId>8d54b1a2-ce00-4315-9f8c-12f5196cdad8</brickId>
                  <commentedOut>false</commentedOut>
                  <formulaList>
                    <formula category="Y_POSITION">
                      <additionalChildren/>
                      <type>NUMBER</type>
                      <value>199</value>
                    </formula>
                    <formula category="X_POSITION">
                      <additionalChildren/>
                      <type>NUMBER</type>
                      <value>125</value>
                    </formula>
                  </formulaList>
                </brick>
              </brickList>
              <commentedOut>false</commentedOut>
              <scriptId>bd0e8c22-95c3-40ab-ad1c-061e639df03c</scriptId>
            </script>
            <script type="WhenScript" posX="0.0" posY="0.0">
              <brickList>
                <brick type="PlaySoundBrick">
                  <brickId>d30e1334-d512-4f7a-ac6d-1f12f299032e</brickId>
                  <commentedOut>false</commentedOut>
                  <sound reference="../../../../../soundList/sound"/>
                </brick>
                <brick type="WaitBrick">
                  <brickId>99d7b7b6-c608-4bad-87ca-4292a7dcb99c</brickId>
                  <commentedOut>false</commentedOut>
                  <formulaList>
                    <formula category="TIME_TO_WAIT_IN_SECONDS">
                      <additionalChildren/>
                      <type>NUMBER</type>
                      <value>10</value>
                    </formula>
                  </formulaList>
                </brick>
                <brick type="StopSoundBrick">
                  <brickId>2de920a1-bbcd-499b-a583-6a11437d92ab</brickId>
                  <commentedOut>false</commentedOut>
                  <sound reference="../../../../../soundList/sound"/>
                </brick>
              </brickList>
              <commentedOut>false</commentedOut>
              <scriptId>ecd83da1-0b65-47f6-9f3c-ee4fcdf5deaf</scriptId>
            </script>
          </scriptList>
          <nfcTagList/>
          <userVariables/>
          <userLists/>
          <userDefinedBrickList/>
        </object>
        <object type="Sprite" name="no sound">
          <lookList>
            <look fileName="My actor or object_#2.png" name="no sound">
              <isWebRequest>false</isWebRequest>
              <valid>true</valid>
            </look>
          </lookList>
          <soundList/>
          <scriptList>
            <script type="StartScript" posX="0.0" posY="0.0">
              <brickList>
                <brick type="SetSizeToBrick">
                  <brickId>d0ce3fc1-4e23-4210-a776-ff30c3e09b32</brickId>
                  <commentedOut>false</commentedOut>
                  <formulaList>
                    <formula category="SIZE">
                      <additionalChildren/>
                      <type>NUMBER</type>
                      <value>20</value>
                    </formula>
                  </formulaList>
                </brick>
                <brick type="PlaceAtBrick">
                  <brickId>f8a503c1-ee4a-4679-abc8-0840964a75b0</brickId>
                  <commentedOut>false</commentedOut>
                  <formulaList>
                    <formula category="Y_POSITION">
                      <additionalChildren/>
                      <type>NUMBER</type>
                      <value>157</value>
                    </formula>
                    <formula category="X_POSITION">
                      <additionalChildren/>
                      <type>NUMBER</type>
                      <value>659</value>
                    </formula>
                  </formulaList>
                </brick>
              </brickList>
              <commentedOut>false</commentedOut>
              <scriptId>491194b6-724f-4611-9a4b-4b7491966946</scriptId>
            </script>
            <script type="WhenScript" posX="0.0" posY="0.0">
              <brickList>
                <brick type="StopAllSoundsBrick">
                  <brickId>6e0be29e-4f0a-4836-b47f-c3c04b30a633</brickId>
                  <commentedOut>false</commentedOut>
                </brick>
              </brickList>
              <commentedOut>false</commentedOut>
              <scriptId>ababa2f4-fd00-4460-a574-896839d02fff</scriptId>
            </script>
          </scriptList>
          <nfcTagList/>
          <userVariables/>
          <userLists/>
          <userDefinedBrickList/>
        </object>
      </objectList>
    </scene>
    <scene>
      <name>Scene (1)</name>
      <objectList>
        <object type="Sprite" name="Background">
          <lookList/>
          <soundList/>
          <scriptList/>
          <nfcTagList/>
          <userVariables/>
          <userLists/>
          <userDefinedBrickList/>
        </object>
        <object type="Sprite" name="back">
          <lookList>
            <look fileName="My actor or object.png" name="back">
              <isWebRequest>false</isWebRequest>
              <valid>true</valid>
            </look>
          </lookList>
          <soundList/>
          <scriptList>
            <script type="StartScript" posX="0.0" posY="0.0">
              <brickList>
                <brick type="SetSizeToBrick">
                  <brickId>ae9c3d6f-bfef-4395-86ca-9a670036fed8</brickId>
                  <commentedOut>false</commentedOut>
                  <formulaList>
                    <formula category="SIZE">
                      <additionalChildren/>
                      <type>NUMBER</type>
                      <value>120</value>
                    </formula>
                  </formulaList>
                </brick>
                <brick type="PlaceAtBrick">
                  <brickId>cb53cc4e-a436-47ce-8465-7eb4313c02fb</brickId>
                  <commentedOut>false</commentedOut>
                  <formulaList>
                    <formula category="Y_POSITION">
                      <additionalChildren/>
                      <rightChild>
                        <additionalChildren/>
                        <type>NUMBER</type>
                        <value>45</value>
                      </rightChild>
                      <type>OPERATOR</type>
                      <value>MINUS</value>
                    </formula>
                    <formula category="X_POSITION">
                      <additionalChildren/>
                      <rightChild>
                        <additionalChildren/>
                        <type>NUMBER</type>
                        <value>656</value>
                      </rightChild>
                      <type>OPERATOR</type>
                      <value>MINUS</value>
                    </formula>
                  </formulaList>
                </brick>
              </brickList>
              <commentedOut>false</commentedOut>
              <scriptId>5c6072d6-3c11-439f-89d9-36fcba98c12b</scriptId>
            </script>
            <script type="WhenScript" posX="0.0" posY="0.0">
              <brickList>
                <brick type="SceneTransitionBrick">
                  <brickId>9b32bcfb-184f-487a-8a2e-33efc1e2a3b7</brickId>
                  <commentedOut>false</commentedOut>
                  <sceneForTransition>Scene</sceneForTransition>
                </brick>
              </brickList>
              <commentedOut>false</commentedOut>
              <scriptId>831a8bb8-319b-465f-a2ca-bcbc176c734b</scriptId>
            </script>
          </scriptList>
          <nfcTagList/>
          <userVariables/>
          <userLists/>
          <userDefinedBrickList/>
        </object>
        <object type="Sprite" name="key">
          <lookList>
            <look fileName="key_variant_icon_135467.png" name="key">
              <isWebRequest>false</isWebRequest>
              <valid>true</valid>
            </look>
          </lookList>
          <soundList>
            <sound fileName="cf9b99726102246.mp3" name="cf9b99726102246">
              <midiFile>false</midiFile>
            </sound>
            <sound fileName="z_uk-signalizaciya-_-a_tomobile-otkry_aet-i-zakry_aet.mp3" name="z_uk-signalizaciya-_-a_tomobile-otkry_aet-i-zakry_aet">
              <midiFile>false</midiFile>
            </sound>
          </soundList>
          <scriptList>
            <script type="StartScript" posX="0.0" posY="0.0">
              <brickList>
                <brick type="SetSizeToBrick">
                  <brickId>ca235152-7531-4cf9-9e31-1bd9c8dfdb32</brickId>
                  <commentedOut>false</commentedOut>
                  <formulaList>
                    <formula category="SIZE">
                      <additionalChildren/>
                      <type>NUMBER</type>
                      <value>30</value>
                    </formula>
                  </formulaList>
                </brick>
                <brick type="PlaceAtBrick">
                  <brickId>d5948a1d-ea0c-4fea-abd1-0e82f9008c1b</brickId>
                  <commentedOut>false</commentedOut>
                  <formulaList>
                    <formula category="Y_POSITION">
                      <additionalChildren/>
                      <type>NUMBER</type>
                      <value>274</value>
                    </formula>
                    <formula category="X_POSITION">
                      <additionalChildren/>
                      <rightChild>
                        <additionalChildren/>
                        <type>NUMBER</type>
                        <value>372</value>
                      </rightChild>
                      <type>OPERATOR</type>
                      <value>MINUS</value>
                    </formula>
                  </formulaList>
                </brick>
              </brickList>
              <commentedOut>false</commentedOut>
              <scriptId>a4485fbd-5d91-4fca-8b40-6bccc0648b53</scriptId>
            </script>
            <script type="WhenScript" posX="0.0" posY="0.0">
              <brickList>
                <brick type="PlaySoundBrick">
                  <brickId>dd619882-6eec-4b01-ac17-2f856afc37f9</brickId>
                  <commentedOut>false</commentedOut>
                  <sound reference="../../../../../soundList/sound[2]"/>
                </brick>
                <brick type="WaitBrick">
                  <brickId>cf3622f4-53cc-4f80-91e0-6325e70886cf</brickId>
                  <commentedOut>false</commentedOut>
                  <formulaList>
                    <formula category="TIME_TO_WAIT_IN_SECONDS">
                      <additionalChildren/>
                      <type>NUMBER</type>
                      <value>2</value>
                    </formula>
                  </formulaList>
                </brick>
                <brick type="StopSoundBrick">
                  <brickId>b738d283-256d-4f45-847e-6673bca4e62a</brickId>
                  <commentedOut>false</commentedOut>
                  <sound reference="../../../../../soundList/sound[2]"/>
                </brick>
              </brickList>
              <commentedOut>false</commentedOut>
              <scriptId>1e756cd5-81c9-48d3-971c-70537bb35ef8</scriptId>
            </script>
          </scriptList>
          <nfcTagList/>
          <userVariables/>
          <userLists/>
          <userDefinedBrickList/>
        </object>
        <object type="Sprite" name="siren">
          <lookList>
            <look fileName="gas-kvas-com-p-znachok-dinamika-na-prozrachnom-fone-14.png" name="siren">
              <isWebRequest>false</isWebRequest>
              <valid>true</valid>
            </look>
          </lookList>
          <soundList>
            <sound fileName="00210.mp3" name="00210">
              <midiFile>false</midiFile>
            </sound>
            <sound fileName="87f6a412389aba1.mp3" name="87f6a412389aba1">
              <midiFile>false</midiFile>
            </sound>
          </soundList>
          <scriptList>
            <script type="StartScript" posX="0.0" posY="0.0">
              <brickList>
                <brick type="SetSizeToBrick">
                  <brickId>ac3634a5-145f-4ec4-8388-7fded6affd2a</brickId>
                  <commentedOut>false</commentedOut>
                  <formulaList>
                    <formula category="SIZE">
                      <additionalChildren/>
                      <type>NUMBER</type>
                      <value>20</value>
                    </formula>
                  </formulaList>
                </brick>
                <brick type="PlaceAtBrick">
                  <brickId>b939d7c5-8d75-4f0f-9f79-13e6648cf2f0</brickId>
                  <commentedOut>false</commentedOut>
                  <formulaList>
                    <formula category="Y_POSITION">
                      <additionalChildren/>
                      <type>NUMBER</type>
                      <value>77</value>
                    </formula>
                    <formula category="X_POSITION">
                      <additionalChildren/>
                      <rightChild>
                        <additionalChildren/>
                        <type>NUMBER</type>
                        <value>365</value>
                      </rightChild>
                      <type>OPERATOR</type>
                      <value>MINUS</value>
                    </formula>
                  </formulaList>
                </brick>
              </brickList>
              <commentedOut>false</commentedOut>
              <scriptId>f1c33e44-e12b-43ed-9ac4-8f5833be4aa6</scriptId>
            </script>
            <script type="WhenScript" posX="0.0" posY="0.0">
              <brickList>
                <brick type="PlaySoundBrick">
                  <brickId>cf0827f2-f515-4012-b4aa-5a76b8771b34</brickId>
                  <commentedOut>false</commentedOut>
                  <sound reference="../../../../../soundList/sound[2]"/>
                </brick>
                <brick type="WaitBrick">
                  <brickId>04081160-7aaf-4c3c-bb02-46affa7c0f87</brickId>
                  <commentedOut>false</commentedOut>
                  <formulaList>
                    <formula category="TIME_TO_WAIT_IN_SECONDS">
                      <additionalChildren/>
                      <type>NUMBER</type>
                      <value>3</value>
                    </formula>
                  </formulaList>
                </brick>
                <brick type="StopSoundBrick">
                  <brickId>c2e6a8a8-9e08-4f65-9933-5fa047126584</brickId>
                  <commentedOut>false</commentedOut>
                  <sound reference="../../../../../soundList/sound[2]"/>
                </brick>
              </brickList>
              <commentedOut>false</commentedOut>
              <scriptId>ef45fdce-b7d6-43f3-8e57-a2321bb37e5b</scriptId>
            </script>
          </scriptList>
          <nfcTagList/>
          <userVariables/>
          <userLists/>
          <userDefinedBrickList/>
        </object>
        <object type="Sprite" name="light">
          <lookList>
            <look fileName="My actor or object_#0.png" name="light">
              <isWebRequest>false</isWebRequest>
              <valid>true</valid>
            </look>
            <look fileName="My actor or object_#1.png" name="light (1)">
              <isWebRequest>false</isWebRequest>
              <valid>true</valid>
            </look>
          </lookList>
          <soundList>
            <sound fileName="police_wailer_siren.mp3" name="police_wailer_siren">
              <midiFile>false</midiFile>
            </sound>
          </soundList>
          <scriptList>
            <script type="StartScript" posX="0.0" posY="0.0">
              <brickList>
                <brick type="SetSizeToBrick">
                  <brickId>68216d69-edb0-4c58-8baa-f4e7cfcdc629</brickId>
                  <commentedOut>false</commentedOut>
                  <formulaList>
                    <formula category="SIZE">
                      <additionalChildren/>
                      <type>NUMBER</type>
                      <value>30</value>
                    </formula>
                  </formulaList>
                </brick>
                <brick type="PlaceAtBrick">
                  <brickId>191f963b-8e3e-4926-bf2c-3991f2e9baf6</brickId>
                  <commentedOut>false</commentedOut>
                  <formulaList>
                    <formula category="Y_POSITION">
                      <additionalChildren/>
                      <rightChild>
                        <additionalChildren/>
                        <type>NUMBER</type>
                        <value>120</value>
                      </rightChild>
                      <type>OPERATOR</type>
                      <value>MINUS</value>
                    </formula>
                    <formula category="X_POSITION">
                      <additionalChildren/>
                      <rightChild>
                        <additionalChildren/>
                        <type>NUMBER</type>
                        <value>366</value>
                      </rightChild>
                      <type>OPERATOR</type>
                      <value>MINUS</value>
                    </formula>
                  </formulaList>
                </brick>
              </brickList>
              <commentedOut>false</commentedOut>
              <scriptId>4790f5de-357b-4f8a-85df-44c1fda23d67</scriptId>
            </script>
            <script type="WhenScript" posX="0.0" posY="0.0">
              <brickList>
                <brick type="PlaySoundBrick">
                  <brickId>51fbc9e7-3efe-43fa-93f3-0f6844f79188</brickId>
                  <commentedOut>false</commentedOut>
                  <sound reference="../../../../../soundList/sound"/>
                </brick>
                <brick type="WaitBrick">
                  <brickId>20db2b19-7f1c-41ca-921d-9457066b20f2</brickId>
                  <commentedOut>false</commentedOut>
                  <formulaList>
                    <formula category="TIME_TO_WAIT_IN_SECONDS">
                      <additionalChildren/>
                      <type>NUMBER</type>
                      <value>10</value>
                    </formula>
                  </formulaList>
                </brick>
                <brick type="StopSoundBrick">
                  <brickId>b2b2fafc-685c-4b31-9957-64ba3c1ef840</brickId>
                  <commentedOut>false</commentedOut>
                  <sound reference="../../../../../soundList/sound"/>
                </brick>
              </brickList>
              <commentedOut>false</commentedOut>
              <scriptId>df1b3b7c-7730-4d01-a000-5d7fa3e7b319</scriptId>
            </script>
            <script type="WhenScript" posX="0.0" posY="0.0">
              <brickList>
                <brick type="RepeatBrick">
                  <brickId>c0a7ceed-fe04-437d-8525-5963a36d1d6e</brickId>
                  <commentedOut>false</commentedOut>
                  <formulaList>
                    <formula category="TIMES_TO_REPEAT">
                      <additionalChildren/>
                      <type>NUMBER</type>
                      <value>100</value>
                    </formula>
                  </formulaList>
                  <loopBricks>
                    <brick type="NextLookBrick">
                      <brickId>55adbf32-ca83-494e-9994-2966b924f24c</brickId>
                      <commentedOut>false</commentedOut>
                    </brick>
                    <brick type="WaitBrick">
                      <brickId>02f12284-a9fb-499a-be87-ebb02fd35b3d</brickId>
                      <commentedOut>false</commentedOut>
                      <formulaList>
                        <formula category="TIME_TO_WAIT_IN_SECONDS">
                          <additionalChildren/>
                          <type>NUMBER</type>
                          <value>0.1</value>
                        </formula>
                      </formulaList>
                    </brick>
                  </loopBricks>
                </brick>
              </brickList>
              <commentedOut>false</commentedOut>
              <scriptId>22026551-9db8-4549-87f8-a01313d11406</scriptId>
            </script>
          </scriptList>
          <nfcTagList/>
          <userVariables/>
          <userLists/>
          <userDefinedBrickList/>
        </object>
      </objectList>
    </scene>
  </scenes>
  <programVariableList>
    <userVariable reference="../../scenes/scene/objectList/object/scriptList/script/brickList/brick[3]/userVariable"/>
    <userVariable reference="../../scenes/scene/objectList/object/scriptList/script/brickList/brick/userVariable"/>
  </programVariableList>
  <programListOfLists/>
  <programMultiplayerVariableList/>
</program>